-- Company database example

CREATE TABLE employee (
  emp_id INT PRIMARY KEY,
  first_name VARCHAR(40),
  last_name VARCHAR(40),
  birth_day DATE,
  sex VARCHAR(1),
  salary INT,
  super_id INT,
  branch_id INT
);

CREATE TABLE branch (
  branch_id INT PRIMARY KEY,
  branch_name VARCHAR(40),
  mgr_id INT,
  mgr_start_date DATE,
  FOREIGN KEY(mgr_id) REFERENCES employee(emp_id) ON DELETE SET NULL
);

ALTER TABLE employee
ADD FOREIGN KEY(branch_id)
REFERENCES branch(branch_id)
ON DELETE SET NULL;

ALTER TABLE employee
ADD FOREIGN KEY(super_id)
REFERENCES employee(emp_id)
ON DELETE SET NULL;


CREATE TABLE client (
  client_id INT PRIMARY KEY,
  client_name VARCHAR(40),
  branch_id INT,
  FOREIGN KEY(branch_id) REFERENCES branch(branch_id) ON DELETE SET NULL
);

CREATE TABLE works_with (
  emp_id INT,
  client_id INT,
  total_sales INT,
  PRIMARY KEY(emp_id, client_id), -- Composite PRIMARY KEYS
  FOREIGN KEY(emp_id) REFERENCES employee(emp_id) ON DELETE CASCADE,
  FOREIGN KEY(client_id) REFERENCES client(client_id) ON DELETE CASCADE
);

CREATE TABLE branch_supplier (
  branch_id INT,
  supplier_name VARCHAR(40),
  supply_type VARCHAR(40),
  PRIMARY KEY(branch_id, supplier_name),
  FOREIGN KEY(branch_id) REFERENCES branch(branch_id) ON DELETE CASCADE
);

DESCRIBE employee;
DESCRIBE branch;
DESCRIBE client;
DESCRIBE works_with;
DESCRIBE branch_supplier;

select * from information_schema.columns
where table_schema = 'company_database'
order by table_name,ordinal_position;

select table_name, column_name from information_schema.columns 
where table_schema = 'company_database';

SELECT *
FROM employee;

SELECT *
FROM branch;

SELECT *
FROM client;

SELECT *
FROM works_with;

SELECT *
FROM branch_supplier;

-- Inserts

INSERT INTO employee VALUES(100, 'David', 'Wallace', '1967-11-17', 'M', 250000, NULL, NULL);

INSERT INTO branch VALUES(1, 'Corporate', 100, '2006-02-09');

UPDATE employee
SET branch_id = 1
WHERE emp_id = 100;

INSERT INTO employee VALUES(101, 'Jan', 'Levinson', '1961-05-11', 'F', 110000, 100, 1);

-- Scranton
INSERT INTO employee VALUES(102, 'Michael', 'Scott', '1964-03-15', 'M', 75000, 100, NULL);

INSERT INTO branch VALUES(2, 'Scranton', 102, '1992-04-06');

UPDATE employee
SET branch_id = 2
WHERE emp_id = 102;

INSERT INTO employee VALUES(103, 'Angela', 'Martin', '1971-06-25', 'F', 63000, 102, 2);
INSERT INTO employee VALUES(104, 'Kelly', 'Kapoor', '1980-02-05', 'F', 55000, 102, 2);
INSERT INTO employee VALUES(105, 'Stanley', 'Hudson', '1958-02-19', 'M', 69000, 102, 2);

-- Stamford
INSERT INTO employee VALUES(106, 'Josh', 'Porter', '1969-09-05', 'M', 78000, 100, NULL);

INSERT INTO branch VALUES(3, 'Stamford', 106, '1998-02-13');

UPDATE employee
SET branch_id = 3
WHERE emp_id = 106;

INSERT INTO employee VALUES(107, 'Andy', 'Bernard', '1973-07-22', 'M', 65000, 106, 3);
INSERT INTO employee VALUES(108, 'Jim', 'Halpert', '1978-10-01', 'M', 71000, 106, 3);


-- BRANCH SUPPLIER ---------------------<
INSERT INTO branch_supplier VALUES(2, 'Hammer Mill', 'Paper');
INSERT INTO branch_supplier VALUES(2, 'Uni-ball', 'Writing Utensils');
INSERT INTO branch_supplier VALUES(3, 'Patriot Paper', 'Paper');
INSERT INTO branch_supplier VALUES(2, 'J.T. Forms & Labels', 'Custom Forms');
INSERT INTO branch_supplier VALUES(3, 'Uni-ball', 'Writing Utensils');
INSERT INTO branch_supplier VALUES(3, 'Hammer Mill', 'Paper');
INSERT INTO branch_supplier VALUES(3, 'Stamford Labels', 'Custom Forms');

-- CLIENT
INSERT INTO client VALUES(400, 'Dunmore Highschool', 2);
INSERT INTO client VALUES(401, 'Lackawana Country', 2);
INSERT INTO client VALUES(402, 'FedEx', 3);
INSERT INTO client VALUES(403, 'John Daly Law, LLC', 3);
INSERT INTO client VALUES(404, 'Scranton Whitepages', 2);
INSERT INTO client VALUES(405, 'Times Newspaper', 3);
INSERT INTO client VALUES(406, 'FedEx', 2);

-- WORKS_WITH
INSERT INTO works_with VALUES(105, 400, 55000);
INSERT INTO works_with VALUES(102, 401, 267000);
INSERT INTO works_with VALUES(108, 402, 22500);
INSERT INTO works_with VALUES(107, 403, 5000);
INSERT INTO works_with VALUES(108, 403, 12000);
INSERT INTO works_with VALUES(105, 404, 33000);
INSERT INTO works_with VALUES(107, 405, 26000);
INSERT INTO works_with VALUES(102, 406, 15000);
INSERT INTO works_with VALUES(105, 406, 130000);


-- More basic queries

SELECT *
FROM employee
ORDER BY salary DESC;

SELECT *
FROM employee
ORDER BY sex, first_name, last_name;

SELECT *
FROM employee
LIMIT 5;

SELECT employee.first_name AS forename, employee.last_name AS surname
FROM employee;

SELECT DISTINCT branch_id
FROM employee;

SELECT first_name, last_name 
FROM employee
WHERE sex = 'F' AND birth_day > '1971-01-01'; 

-- FUNCTIONS --

-- Find the number of employees

SELECT COUNT(emp_id)
FROM employee;

-- Find the number of female employees born after 1970

SELECT COUNT(emp_id)
FROM employee
WHERE sex = 'F' AND birth_day > '1971-01-01';

-- Find average of employees

SELECT AVG(salary)
FROM employee
WHERE sex = 'M';

-- Sum of employees

SELECT SUM(salary)
FROM employee;

-- Find out how many males and females are

SELECT COUNT(sex), sex
FROM employee
GROUP BY sex;

-- Find the total sales of each salesman

SELECT SUM(total_sales), client_id
FROM works_with
GROUP BY client_id;


-- WILD CARDS -- Basically free form search queries

-- WILD CARD COMMANDS ==> % = any # characters, _ = one character

-- Find any client's who are in LLC

SELECT *
FROM client
WHERE client_name LIKE '%LLC';

-- Find any branch suppliers who are in the label business

SELECT *
FROM branch_supplier
WHERE supplier_name LIKE '%Label%';

-- Find any employee born in October

SELECT *
FROM employee
WHERE birth_day LIKE '____-02%';

-- Find any clients who are schools

SELECT *
FROM client
WHERE client_name LIKE '%school%';


-- UNION --

-- Find a list of employee and branch names

SELECT employee.first_name AS Company_names
FROM employee
UNION
SELECT branch_name
FROM branch
UNION
SELECT client_name
FROM client;

-- Find a list of all clients and branch suppliers names

SELECT client_name, client.branch_id
FROM client
UNION
SELECT supplier_name, branch_supplier.branch_id
FROM branch_supplier;

-- Find a list of all money spent or earned by the company

SELECT salary
FROM employee
UNION
SELECT total_sales
FROM works_with;



-- JOIN --

INSERT INTO branch VALUES(4,'Buffalo',NULL,NULL);

-- Find all branches and the names of their managers

SELECT employee.emp_id, employee.first_name, employee.last_name, branch.branch_name
FROM employee
LEFT JOIN branch -- left join will include all rows from the left (upper) table
ON employee.emp_id = branch.mgr_id;

SELECT employee.emp_id, employee.first_name, employee.last_name, branch.branch_name
FROM employee
RIGHT JOIN branch -- Does the opposite
ON employee.emp_id = branch.mgr_id;


-- NESTED QUERIES --

-- Find names of all employees who have sold over 30,000 to a single client

SELECT employee.first_name, employee.last_name
FROM employee
WHERE employee.emp_id IN (
    SELECT works_with.emp_id
    FROM works_with
    WHERE works_with.total_sales > 30000
);

-- Find all clients who are handled by the branch
-- that Michael Scott manages
-- Assume you know Michael's ID

SELECT client.client_name
FROM client
WHERE client.branch_id = (
    SELECT branch.branch_id
    FROM branch
    WHERE branch.mgr_id = '102'
    LIMIT 1
);


-- DELETE ATTRIBUTES WHILE CREATING/ALTERING TABLES --

-- ON DELETE SET NULL
-- When deleted will mark every box it was used NULL

-- ON DELETE SET CASCADE will delete all rows that are associated with deleted item
-- For example: if branch_id gets deleted every row with that ID gets removed also
-- Used when row doesnt function with primary key set NULL and composite keys where it needs
-- two keys to make a row unique